<?xml version="1.0" encoding="UTF-8" ?>
<odoo>
    <data>
        <record id="ir_cron_action_to_do" model="ir.cron">
            <field name="name">Stock Report Automation</field>
            <field name="model_id" ref="model_stock_quant"/>
            <field name="state">code</field>
            <field name="code">model.scheduled_action()</field>
            <field name="interval_number">1</field>
            <field name="interval_type">days</field>
            <field name="numbercall">-1</field>
        </record>
    </data>
</odoo>